{
  "pitch": {
    "min_hz": 114.99215763488618,
    "max_hz": 351.7707288231872,
    "median_hz": 186.55931386733928,
    "min_note": "A\u266f2",
    "max_note": "F4"
  },
  "tone_vector": [
    -0.9522812923168503,
    -0.09869490357246812,
    -0.28883322811286494,
    -0.24521770710131988,
    -0.2924933915055814,
    -0.28329281469262396,
    -0.22880540120970522,
    -0.2725355559886972,
    -0.27749033278350105,
    -0.26695659973467667,
    -0.27699819215146754,
    -0.2630758216644716,
    -0.2824879152514702,
    0.023605537902810513,
    -0.231564165268488,
    -0.2197438593334122,
    -0.24075590380872589,
    -0.21881569339331808,
    -0.23656228043080132,
    -0.2448036374500978,
    -0.2499227530193345,
    -0.25978170407193585,
    -0.2635293372462351,
    -0.2635278736214214,
    -0.26129732482089574,
    -0.25906340600068495,
    3.196138194187938,
    4.031770443958907,
    -0.272983081498607
  ]
}